{"cameraMode":{"drawMode":0,"name":"Shaded","section":"Shading Mode"},"sceneLighting":false,"audioPlay":false,"sceneViewState":{"m_AlwaysRefresh":false,"showFog":true,"showSkybox":true,"showFlares":true,"showImageEffects":true,"showParticleSystems":true,"showVisualEffectGraphs":true,"m_FxEnabled":true},"in2DMode":false,"pivot":{"x":391.6237487792969,"y":62.126129150390628,"z":1237.9017333984375},"rotation":{"x":-0.0329936146736145,"y":0.00508964154869318,"z":-0.00016810862871352583,"w":-0.9994447827339172},"size":805.1301879882813,"orthographic":false}